window_id,datetime,season,carbon_uniform,carbon_spatial,carbon_temporal,carbon_full
0,2024-01-01 00:00:00+00:00,DJF,318.6583333333333,100.0,441.0,88.0
1,2024-01-02 00:00:00+00:00,DJF,328.2083333333333,89.0,447.0,89.0
2,2024-01-03 00:00:00+00:00,DJF,338.3583333333333,100.0,477.0,98.0
3,2024-01-04 00:00:00+00:00,DJF,354.225,98.0,493.0,98.0
4,2024-01-05 00:00:00+00:00,DJF,361.95,100.0,495.0,100.0
5,2024-01-06 00:00:00+00:00,DJF,365.975,147.0,495.0,129.0
6,2024-01-07 00:00:00+00:00,DJF,342.5583333333333,137.0,465.0,100.0
7,2024-01-08 00:00:00+00:00,DJF,356.23333333333335,143.0,470.0,100.0
8,2024-01-09 00:00:00+00:00,DJF,343.29999999999995,99.0,443.0,95.0
9,2024-01-10 00:00:00+00:00,DJF,348.1833333333333,100.0,434.0,88.0
10,2024-01-11 00:00:00+00:00,DJF,368.79999999999995,93.0,475.0,93.0
11,2024-01-12 00:00:00+00:00,DJF,384.15,129.0,481.0,100.0
12,2024-01-13 00:00:00+00:00,DJF,346.6,118.0,452.0,100.0
13,2024-01-14 00:00:00+00:00,DJF,351.1833333333334,134.0,501.0,134.0
14,2024-01-15 00:00:00+00:00,DJF,378.97499999999997,144.0,588.0,144.0
15,2024-01-16 00:00:00+00:00,DJF,397.6166666666667,177.0,570.0,172.0
16,2024-01-17 00:00:00+00:00,DJF,381.89166666666665,200.0,565.0,145.0
17,2024-01-18 00:00:00+00:00,DJF,385.85833333333335,146.0,590.0,136.0
18,2024-01-19 00:00:00+00:00,DJF,380.95,159.0,550.0,150.0
19,2024-01-20 00:00:00+00:00,DJF,365.125,163.0,560.0,130.0
20,2024-01-21 00:00:00+00:00,DJF,333.9083333333333,123.0,515.0,95.0
21,2024-01-22 00:00:00+00:00,DJF,327.0916666666667,95.0,526.0,85.0
22,2024-01-23 00:00:00+00:00,DJF,332.5,86.0,525.0,85.0
23,2024-01-24 00:00:00+00:00,DJF,337.76666666666665,100.0,478.0,100.0
24,2024-01-25 00:00:00+00:00,DJF,355.4833333333333,125.0,463.0,100.0
25,2024-01-26 00:00:00+00:00,DJF,327.7416666666666,123.0,429.0,92.0
26,2024-01-27 00:00:00+00:00,DJF,330.0916666666667,94.0,441.0,79.0
27,2024-01-28 00:00:00+00:00,DJF,308.29166666666663,82.0,404.0,75.0
28,2024-01-29 00:00:00+00:00,DJF,323.4083333333333,83.0,447.0,74.0
29,2024-01-30 00:00:00+00:00,DJF,329.98333333333335,76.0,452.0,74.0
30,2024-01-31 00:00:00+00:00,DJF,334.3583333333333,83.0,485.0,66.0
31,2024-02-01 00:00:00+00:00,DJF,326.26666666666665,88.0,445.0,76.0
32,2024-02-02 00:00:00+00:00,DJF,322.34166666666664,89.0,431.0,82.0
33,2024-02-03 00:00:00+00:00,DJF,318.2583333333333,98.0,417.0,69.0
34,2024-02-04 00:00:00+00:00,DJF,312.0416666666667,76.0,405.0,74.0
35,2024-02-05 00:00:00+00:00,DJF,322.9083333333333,85.0,443.0,85.0
36,2024-02-06 00:00:00+00:00,DJF,334.6166666666667,100.0,437.0,100.0
37,2024-02-07 00:00:00+00:00,DJF,348.5333333333333,132.0,435.0,121.0
38,2024-02-08 00:00:00+00:00,DJF,332.29166666666663,166.0,397.0,100.0
39,2024-02-09 00:00:00+00:00,DJF,324.66666666666663,100.0,401.0,100.0
40,2024-02-10 00:00:00+00:00,DJF,327.14166666666665,178.0,394.0,161.0
41,2024-02-11 00:00:00+00:00,DJF,319.9916666666667,162.0,418.0,134.0
42,2024-02-12 00:00:00+00:00,DJF,345.09166666666664,144.0,435.0,125.0
43,2024-02-13 00:00:00+00:00,DJF,330.25,124.0,435.0,100.0
44,2024-02-14 00:00:00+00:00,DJF,319.5333333333333,100.0,434.0,99.0
45,2024-02-15 00:00:00+00:00,DJF,322.75,121.0,417.0,100.0
46,2024-02-16 00:00:00+00:00,DJF,318.16666666666663,100.0,451.0,87.0
47,2024-02-17 00:00:00+00:00,DJF,319.67499999999995,100.0,414.0,78.0
48,2024-02-18 00:00:00+00:00,DJF,307.96666666666664,85.0,415.0,85.0
49,2024-02-19 00:00:00+00:00,DJF,330.0916666666667,100.0,453.0,100.0
50,2024-02-20 00:00:00+00:00,DJF,333.81666666666666,119.0,437.0,100.0
51,2024-02-21 00:00:00+00:00,DJF,315.43333333333334,100.0,442.0,96.0
52,2024-02-22 00:00:00+00:00,DJF,306.25,96.0,458.0,76.0
53,2024-02-23 00:00:00+00:00,DJF,286.43333333333334,78.0,427.0,67.0
54,2024-02-24 00:00:00+00:00,DJF,282.6166666666666,70.0,403.0,67.0
55,2024-02-25 00:00:00+00:00,DJF,282.1916666666666,81.0,394.0,68.0
56,2024-02-26 00:00:00+00:00,DJF,287.06666666666666,74.0,396.0,74.0
57,2024-02-27 00:00:00+00:00,DJF,296.59166666666664,100.0,393.0,85.0
58,2024-02-28 00:00:00+00:00,DJF,287.4333333333333,88.0,373.0,73.0
59,2024-02-29 00:00:00+00:00,DJF,280.05833333333334,81.0,404.0,69.0
60,2024-03-01 00:00:00+00:00,MAM,287.47499999999997,71.0,428.0,71.0
61,2024-03-02 00:00:00+00:00,MAM,296.5999999999999,89.0,417.0,86.0
62,2024-03-03 00:00:00+00:00,MAM,311.2083333333333,125.0,356.0,125.0
63,2024-03-04 00:00:00+00:00,MAM,326.9666666666666,144.0,392.0,142.0
64,2024-03-05 00:00:00+00:00,MAM,337.59166666666664,144.0,389.0,144.0
65,2024-03-06 00:00:00+00:00,MAM,350.9416666666666,168.0,426.0,167.0
66,2024-03-07 00:00:00+00:00,MAM,320.5333333333333,170.0,419.0,140.0
67,2024-03-08 00:00:00+00:00,MAM,309.95833333333326,160.0,411.0,100.0
68,2024-03-09 00:00:00+00:00,MAM,295.4,170.0,385.0,130.0
69,2024-03-10 00:00:00+00:00,MAM,298.25833333333327,126.0,371.0,100.0
70,2024-03-11 00:00:00+00:00,MAM,314.01666666666665,100.0,360.0,100.0
71,2024-03-12 00:00:00+00:00,MAM,308.34166666666664,136.0,351.0,132.0
72,2024-03-13 00:00:00+00:00,MAM,301.19999999999993,137.0,388.0,92.0
73,2024-03-14 00:00:00+00:00,MAM,287.7833333333333,92.0,375.0,76.0
74,2024-03-15 00:00:00+00:00,MAM,283.8833333333333,84.0,383.0,80.0
75,2024-03-16 00:00:00+00:00,MAM,281.5,95.0,313.0,88.0
76,2024-03-17 00:00:00+00:00,MAM,265.54166666666663,91.0,334.0,89.0
77,2024-03-18 00:00:00+00:00,MAM,295.84166666666664,92.0,398.0,80.0
78,2024-03-19 00:00:00+00:00,MAM,302.13333333333327,100.0,385.0,100.0
79,2024-03-20 00:00:00+00:00,MAM,305.67499999999995,100.0,393.0,100.0
80,2024-03-21 00:00:00+00:00,MAM,312.5333333333333,121.0,437.0,100.0
81,2024-03-22 00:00:00+00:00,MAM,306.92499999999995,100.0,445.0,93.0
82,2024-03-23 00:00:00+00:00,MAM,301.72499999999997,100.0,436.0,96.0
83,2024-03-24 00:00:00+00:00,MAM,296.1166666666666,100.0,368.0,100.0
84,2024-03-25 00:00:00+00:00,MAM,310.65,132.0,390.0,132.0
85,2024-03-26 00:00:00+00:00,MAM,310.75,143.0,405.0,100.0
86,2024-03-27 00:00:00+00:00,MAM,294.40833333333325,100.0,422.0,99.0
87,2024-03-28 00:00:00+00:00,MAM,292.2499999999999,100.0,428.0,98.0
88,2024-03-29 00:00:00+00:00,MAM,281.4333333333333,100.0,388.0,83.0
89,2024-03-30 00:00:00+00:00,MAM,278.25,87.0,370.0,87.0
90,2024-03-31 00:00:00+00:00,MAM,282.06666666666666,117.0,398.0,100.0
91,2024-04-01 00:00:00+00:00,MAM,284.07499999999993,100.0,388.0,100.0
92,2024-04-02 00:00:00+00:00,MAM,285.32499999999993,100.0,413.0,94.0
93,2024-04-03 00:00:00+00:00,MAM,280.125,91.0,387.0,83.0
94,2024-04-04 00:00:00+00:00,MAM,296.59166666666664,117.0,425.0,100.0
95,2024-04-05 00:00:00+00:00,MAM,296.89166666666665,129.0,450.0,93.0
96,2024-04-06 00:00:00+00:00,MAM,288.9083333333333,100.0,414.0,96.0
97,2024-04-07 00:00:00+00:00,MAM,279.7416666666667,94.0,362.0,80.0
98,2024-04-08 00:00:00+00:00,MAM,296.48333333333335,86.0,417.0,82.0
99,2024-04-09 00:00:00+00:00,MAM,286.8666666666666,100.0,437.0,83.0
100,2024-04-10 00:00:00+00:00,MAM,290.14166666666665,86.0,450.0,65.0
101,2024-04-11 00:00:00+00:00,MAM,287.0083333333333,77.0,434.0,66.0
102,2024-04-12 00:00:00+00:00,MAM,267.9,83.0,391.0,77.0
103,2024-04-13 00:00:00+00:00,MAM,262.6083333333333,100.0,367.0,90.0
104,2024-04-14 00:00:00+00:00,MAM,270.65,100.0,355.0,94.0
105,2024-04-15 00:00:00+00:00,MAM,282.5666666666666,100.0,423.0,97.0
106,2024-04-16 00:00:00+00:00,MAM,286.87499999999994,100.0,427.0,97.0
107,2024-04-17 00:00:00+00:00,MAM,299.15,120.0,424.0,100.0
108,2024-04-18 00:00:00+00:00,MAM,308.1583333333333,132.0,452.0,124.0
109,2024-04-19 00:00:00+00:00,MAM,282.1333333333333,121.0,420.0,100.0
110,2024-04-20 00:00:00+00:00,MAM,267.96666666666664,100.0,391.0,89.0
111,2024-04-21 00:00:00+00:00,MAM,276.69999999999993,121.0,442.0,99.0
112,2024-04-22 00:00:00+00:00,MAM,292.79166666666663,130.0,390.0,100.0
113,2024-04-23 00:00:00+00:00,MAM,288.8416666666666,123.0,407.0,122.0
114,2024-04-24 00:00:00+00:00,MAM,298.76666666666665,135.0,433.0,118.0
115,2024-04-25 00:00:00+00:00,MAM,308.7833333333333,139.0,446.0,123.0
116,2024-04-26 00:00:00+00:00,MAM,301.1833333333333,130.0,393.0,100.0
117,2024-04-27 00:00:00+00:00,MAM,273.42499999999995,119.0,393.0,100.0
118,2024-04-28 00:00:00+00:00,MAM,278.67499999999995,122.0,396.0,100.0
119,2024-04-29 00:00:00+00:00,MAM,305.1166666666667,126.0,442.0,88.0
120,2024-04-30 00:00:00+00:00,MAM,307.8083333333333,99.0,480.0,98.0
121,2024-05-01 00:00:00+00:00,MAM,297.08333333333326,100.0,443.0,100.0
122,2024-05-02 00:00:00+00:00,MAM,303.8083333333333,124.0,449.0,100.0
123,2024-05-03 00:00:00+00:00,MAM,294.76666666666665,100.0,476.0,72.0
124,2024-05-04 00:00:00+00:00,MAM,296.22499999999997,97.0,448.0,85.0
125,2024-05-05 00:00:00+00:00,MAM,291.1833333333333,99.0,424.0,91.0
126,2024-05-06 00:00:00+00:00,MAM,306.54166666666663,100.0,444.0,97.0
127,2024-05-07 00:00:00+00:00,MAM,294.4416666666666,100.0,426.0,84.0
128,2024-05-08 00:00:00+00:00,MAM,302.37499999999994,94.0,453.0,94.0
129,2024-05-09 00:00:00+00:00,MAM,289.5666666666666,122.0,439.0,83.0
130,2024-05-10 00:00:00+00:00,MAM,281.22499999999997,88.0,435.0,67.0
131,2024-05-11 00:00:00+00:00,MAM,266.3416666666667,78.0,359.0,78.0
132,2024-05-12 00:00:00+00:00,MAM,272.26666666666665,88.0,376.0,79.0
133,2024-05-13 00:00:00+00:00,MAM,284.5333333333333,97.0,403.0,85.0
134,2024-05-14 00:00:00+00:00,MAM,280.8666666666667,82.0,434.0,63.0
135,2024-05-15 00:00:00+00:00,MAM,293.10833333333335,71.0,432.0,63.0
136,2024-05-16 00:00:00+00:00,MAM,292.82499999999993,76.0,432.0,62.0
137,2024-05-17 00:00:00+00:00,MAM,285.2833333333333,80.0,445.0,41.0
138,2024-05-18 00:00:00+00:00,MAM,273.375,46.0,417.0,40.0
139,2024-05-19 00:00:00+00:00,MAM,271.25,42.0,402.0,39.0
140,2024-05-20 00:00:00+00:00,MAM,274.29999999999995,40.0,425.0,38.0
141,2024-05-21 00:00:00+00:00,MAM,285.8333333333333,43.0,427.0,34.0
142,2024-05-22 00:00:00+00:00,MAM,281.90833333333336,38.0,411.0,37.0
143,2024-05-23 00:00:00+00:00,MAM,294.81666666666666,65.0,454.0,54.0
144,2024-05-24 00:00:00+00:00,MAM,297.525,55.0,464.0,51.0
145,2024-05-25 00:00:00+00:00,MAM,285.7,57.0,426.0,50.0
146,2024-05-26 00:00:00+00:00,MAM,284.175,54.0,411.0,51.0
147,2024-05-27 00:00:00+00:00,MAM,273.71666666666664,52.0,391.0,49.0
148,2024-05-28 00:00:00+00:00,MAM,274.2583333333333,53.0,413.0,47.0
149,2024-05-29 00:00:00+00:00,MAM,280.9583333333333,59.0,427.0,55.0
150,2024-05-30 00:00:00+00:00,MAM,276.7,63.0,414.0,54.0
151,2024-05-31 00:00:00+00:00,MAM,274.725,58.0,410.0,54.0
152,2024-06-01 00:00:00+00:00,JJA,270.6333333333333,58.0,387.0,53.0
153,2024-06-02 00:00:00+00:00,JJA,278.5083333333333,59.0,419.0,58.0
154,2024-06-03 00:00:00+00:00,JJA,312.4583333333333,63.0,452.0,59.0
155,2024-06-04 00:00:00+00:00,JJA,310.89166666666665,66.0,458.0,60.0
156,2024-06-05 00:00:00+00:00,JJA,306.71666666666664,65.0,465.0,54.0
157,2024-06-06 00:00:00+00:00,JJA,307.09166666666664,61.0,458.0,56.0
158,2024-06-07 00:00:00+00:00,JJA,293.54999999999995,60.0,418.0,58.0
159,2024-06-08 00:00:00+00:00,JJA,279.54166666666674,66.0,408.0,63.0
160,2024-06-09 00:00:00+00:00,JJA,273.4916666666667,66.0,396.0,57.0
161,2024-06-10 00:00:00+00:00,JJA,277.35833333333335,61.0,426.0,58.0
162,2024-06-11 00:00:00+00:00,JJA,291.4583333333333,63.0,443.0,59.0
163,2024-06-12 00:00:00+00:00,JJA,297.275,63.0,437.0,60.0
164,2024-06-13 00:00:00+00:00,JJA,289.14166666666665,63.0,447.0,59.0
165,2024-06-14 00:00:00+00:00,JJA,299.0333333333333,60.0,492.0,54.0
166,2024-06-15 00:00:00+00:00,JJA,287.8916666666666,58.0,448.0,55.0
167,2024-06-16 00:00:00+00:00,JJA,282.3666666666666,61.0,434.0,53.0
168,2024-06-17 00:00:00+00:00,JJA,300.8166666666666,56.0,487.0,52.0
169,2024-06-18 00:00:00+00:00,JJA,320.60833333333323,54.0,507.0,51.0
170,2024-06-19 00:00:00+00:00,JJA,317.79166666666663,53.0,522.0,50.0
171,2024-06-20 00:00:00+00:00,JJA,327.29999999999995,55.0,522.0,45.0
172,2024-06-21 00:00:00+00:00,JJA,324.20833333333326,55.0,520.0,50.0
173,2024-06-22 00:00:00+00:00,JJA,309.7249999999999,55.0,501.0,52.0
174,2024-06-23 00:00:00+00:00,JJA,299.17499999999995,52.0,498.0,49.0
175,2024-06-24 00:00:00+00:00,JJA,303.01666666666665,50.0,529.0,48.0
176,2024-06-25 00:00:00+00:00,JJA,301.0666666666666,54.0,478.0,48.0
177,2024-06-26 00:00:00+00:00,JJA,316.3166666666666,52.0,521.0,49.0
178,2024-06-27 00:00:00+00:00,JJA,303.5666666666666,53.0,501.0,49.0
179,2024-06-28 00:00:00+00:00,JJA,291.0333333333333,52.0,468.0,48.0
180,2024-06-29 00:00:00+00:00,JJA,287.59999999999997,54.0,480.0,50.0
181,2024-06-30 00:00:00+00:00,JJA,289.1166666666666,55.0,473.0,54.0
182,2024-07-01 00:00:00+00:00,JJA,288.3833333333333,59.0,456.0,53.0
183,2024-07-02 00:00:00+00:00,JJA,281.3,57.0,428.0,49.0
184,2024-07-03 00:00:00+00:00,JJA,286.0916666666666,55.0,458.0,51.0
185,2024-07-04 00:00:00+00:00,JJA,292.2333333333333,60.0,474.0,52.0
186,2024-07-05 00:00:00+00:00,JJA,297.79166666666663,57.0,483.0,51.0
187,2024-07-06 00:00:00+00:00,JJA,299.25,53.0,485.0,51.0
188,2024-07-07 00:00:00+00:00,JJA,301.2416666666666,53.0,480.0,48.0
189,2024-07-08 00:00:00+00:00,JJA,320.45833333333326,51.0,505.0,51.0
190,2024-07-09 00:00:00+00:00,JJA,327.1166666666666,55.0,544.0,53.0
191,2024-07-10 00:00:00+00:00,JJA,318.4666666666666,57.0,531.0,55.0
192,2024-07-11 00:00:00+00:00,JJA,319.9916666666667,56.0,517.0,48.0
193,2024-07-12 00:00:00+00:00,JJA,315.95833333333326,57.0,513.0,48.0
194,2024-07-13 00:00:00+00:00,JJA,312.2583333333333,54.0,500.0,49.0
195,2024-07-14 00:00:00+00:00,JJA,313.6166666666666,51.0,493.0,50.0
196,2024-07-15 00:00:00+00:00,JJA,318.5333333333333,53.0,516.0,51.0
197,2024-07-16 00:00:00+00:00,JJA,315.6916666666666,55.0,534.0,51.0
198,2024-07-17 00:00:00+00:00,JJA,317.47499999999997,54.0,532.0,48.0
199,2024-07-18 00:00:00+00:00,JJA,313.4416666666666,55.0,509.0,52.0
200,2024-07-19 00:00:00+00:00,JJA,305.7583333333333,60.0,475.0,54.0
201,2024-07-20 00:00:00+00:00,JJA,295.4416666666666,61.0,480.0,54.0
202,2024-07-21 00:00:00+00:00,JJA,294.3416666666666,60.0,477.0,53.0
203,2024-07-22 00:00:00+00:00,JJA,304.4083333333333,57.0,507.0,50.0
204,2024-07-23 00:00:00+00:00,JJA,308.29166666666663,55.0,493.0,50.0
205,2024-07-24 00:00:00+00:00,JJA,309.72499999999997,52.0,507.0,45.0
206,2024-07-25 00:00:00+00:00,JJA,304.3083333333333,46.0,495.0,44.0
207,2024-07-26 00:00:00+00:00,JJA,300.09166666666664,55.0,480.0,49.0
208,2024-07-27 00:00:00+00:00,JJA,297.5666666666666,59.0,449.0,48.0
209,2024-07-28 00:00:00+00:00,JJA,291.3166666666666,55.0,438.0,54.0
210,2024-07-29 00:00:00+00:00,JJA,305.0583333333333,60.0,478.0,50.0
211,2024-07-30 00:00:00+00:00,JJA,315.2249999999999,57.0,509.0,52.0
212,2024-07-31 00:00:00+00:00,JJA,319.54166666666663,58.0,504.0,52.0
213,2024-08-01 00:00:00+00:00,JJA,324.9083333333333,55.0,524.0,50.0
214,2024-08-02 00:00:00+00:00,JJA,320.72499999999997,56.0,537.0,45.0
215,2024-08-03 00:00:00+00:00,JJA,310.6916666666666,51.0,508.0,51.0
216,2024-08-04 00:00:00+00:00,JJA,308.67499999999995,65.0,500.0,59.0
217,2024-08-05 00:00:00+00:00,JJA,314.29166666666663,67.0,511.0,56.0
218,2024-08-06 00:00:00+00:00,JJA,317.4749999999999,68.0,513.0,60.0
219,2024-08-07 00:00:00+00:00,JJA,308.69999999999993,71.0,502.0,63.0
220,2024-08-08 00:00:00+00:00,JJA,302.9083333333333,70.0,492.0,62.0
221,2024-08-09 00:00:00+00:00,JJA,296.1833333333333,68.0,484.0,60.0
222,2024-08-10 00:00:00+00:00,JJA,287.5416666666667,66.0,443.0,65.0
223,2024-08-11 00:00:00+00:00,JJA,280.9,75.0,429.0,66.0
224,2024-08-12 00:00:00+00:00,JJA,292.94999999999993,70.0,456.0,59.0
225,2024-08-13 00:00:00+00:00,JJA,302.5,69.0,466.0,58.0
226,2024-08-14 00:00:00+00:00,JJA,305.6833333333333,69.0,459.0,58.0
227,2024-08-15 00:00:00+00:00,JJA,296.6583333333333,65.0,455.0,55.0
228,2024-08-16 00:00:00+00:00,JJA,305.4916666666667,62.0,475.0,52.0
229,2024-08-17 00:00:00+00:00,JJA,307.79166666666663,58.0,464.0,55.0
230,2024-08-18 00:00:00+00:00,JJA,316.6333333333333,60.0,457.0,54.0
231,2024-08-19 00:00:00+00:00,JJA,320.81666666666666,54.0,460.0,50.0
232,2024-08-20 00:00:00+00:00,JJA,314.4416666666666,65.0,442.0,55.0
233,2024-08-21 00:00:00+00:00,JJA,308.84166666666664,70.0,429.0,60.0
234,2024-08-22 00:00:00+00:00,JJA,306.4166666666667,68.0,435.0,55.0
235,2024-08-23 00:00:00+00:00,JJA,312.47499999999997,66.0,432.0,60.0
236,2024-08-24 00:00:00+00:00,JJA,320.91666666666663,70.0,430.0,59.0
237,2024-08-25 00:00:00+00:00,JJA,323.03333333333336,66.0,429.0,59.0
238,2024-08-26 00:00:00+00:00,JJA,337.80833333333334,67.0,468.0,57.0
239,2024-08-27 00:00:00+00:00,JJA,351.1166666666667,66.0,504.0,58.0
240,2024-08-28 00:00:00+00:00,JJA,354.5083333333333,67.0,514.0,58.0
241,2024-08-29 00:00:00+00:00,JJA,361.1333333333333,67.0,522.0,55.0
242,2024-08-30 00:00:00+00:00,JJA,349.725,62.0,491.0,55.0
243,2024-08-31 00:00:00+00:00,JJA,329.2,73.0,476.0,62.0
244,2024-09-01 00:00:00+00:00,SON,325.0416666666667,69.0,437.0,61.0
245,2024-09-02 00:00:00+00:00,SON,330.525,68.0,414.0,57.0
246,2024-09-03 00:00:00+00:00,SON,338.1583333333333,69.0,414.0,59.0
247,2024-09-04 00:00:00+00:00,SON,345.01666666666665,70.0,427.0,61.0
248,2024-09-05 00:00:00+00:00,SON,326.0583333333333,61.0,432.0,56.0
249,2024-09-06 00:00:00+00:00,SON,326.275,61.0,430.0,55.0
250,2024-09-07 00:00:00+00:00,SON,311.58333333333337,61.0,391.0,60.0
251,2024-09-08 00:00:00+00:00,SON,287.69166666666666,64.0,350.0,53.0
252,2024-09-09 00:00:00+00:00,SON,303.91666666666663,64.0,395.0,53.0
253,2024-09-10 00:00:00+00:00,SON,311.0666666666666,65.0,415.0,52.0
254,2024-09-11 00:00:00+00:00,SON,318.1583333333333,58.0,427.0,52.0
255,2024-09-12 00:00:00+00:00,SON,332.2833333333333,57.0,446.0,53.0
256,2024-09-13 00:00:00+00:00,SON,337.6833333333333,92.0,429.0,70.0
257,2024-09-14 00:00:00+00:00,SON,327.05,70.0,426.0,61.0
258,2024-09-15 00:00:00+00:00,SON,323.10833333333335,64.0,418.0,64.0
259,2024-09-16 00:00:00+00:00,SON,337.2,82.0,429.0,78.0
260,2024-09-17 00:00:00+00:00,SON,333.23333333333335,75.0,430.0,66.0
261,2024-09-18 00:00:00+00:00,SON,327.93333333333334,64.0,435.0,56.0
262,2024-09-19 00:00:00+00:00,SON,328.83333333333337,75.0,443.0,54.0
263,2024-09-20 00:00:00+00:00,SON,330.44166666666666,58.0,431.0,56.0
264,2024-09-21 00:00:00+00:00,SON,327.70833333333337,63.0,435.0,60.0
265,2024-09-22 00:00:00+00:00,SON,326.14166666666665,87.0,428.0,72.0
266,2024-09-23 00:00:00+00:00,SON,328.98333333333335,68.0,432.0,57.0
267,2024-09-24 00:00:00+00:00,SON,331.175,58.0,433.0,56.0
268,2024-09-25 00:00:00+00:00,SON,318.4,68.0,420.0,55.0
269,2024-09-26 00:00:00+00:00,SON,319.82499999999993,68.0,428.0,54.0
270,2024-09-27 00:00:00+00:00,SON,316.5083333333333,83.0,413.0,56.0
271,2024-09-28 00:00:00+00:00,SON,316.3416666666667,68.0,398.0,68.0
272,2024-09-29 00:00:00+00:00,SON,306.29999999999995,71.0,403.0,61.0
273,2024-09-30 00:00:00+00:00,SON,315.95,68.0,416.0,64.0
274,2024-10-01 00:00:00+00:00,SON,324.51666666666665,68.0,408.0,57.0
275,2024-10-02 00:00:00+00:00,SON,336.375,100.0,421.0,100.0
276,2024-10-03 00:00:00+00:00,SON,331.33333333333326,118.0,406.0,81.0
277,2024-10-04 00:00:00+00:00,SON,330.675,78.0,410.0,71.0
278,2024-10-05 00:00:00+00:00,SON,314.6333333333333,71.0,380.0,71.0
279,2024-10-06 00:00:00+00:00,SON,294.29999999999995,80.0,364.0,66.0
280,2024-10-07 00:00:00+00:00,SON,318.79166666666663,77.0,396.0,70.0
281,2024-10-08 00:00:00+00:00,SON,312.69166666666666,70.0,408.0,56.0
282,2024-10-09 00:00:00+00:00,SON,312.07499999999993,64.0,408.0,56.0
283,2024-10-10 00:00:00+00:00,SON,314.075,63.0,400.0,53.0
284,2024-10-11 00:00:00+00:00,SON,317.16666666666663,63.0,403.0,53.0
285,2024-10-12 00:00:00+00:00,SON,299.89166666666665,69.0,390.0,56.0
286,2024-10-13 00:00:00+00:00,SON,311.475,62.0,370.0,58.0
287,2024-10-14 00:00:00+00:00,SON,332.19999999999993,77.0,375.0,72.0
288,2024-10-15 00:00:00+00:00,SON,317.89166666666665,73.0,408.0,62.0
289,2024-10-16 00:00:00+00:00,SON,313.44166666666666,65.0,420.0,57.0
290,2024-10-17 00:00:00+00:00,SON,326.625,63.0,392.0,55.0
291,2024-10-18 00:00:00+00:00,SON,323.2416666666667,63.0,395.0,56.0
292,2024-10-19 00:00:00+00:00,SON,306.29166666666663,67.0,382.0,60.0
293,2024-10-20 00:00:00+00:00,SON,292.8583333333333,66.0,365.0,54.0
294,2024-10-21 00:00:00+00:00,SON,309.0,70.0,375.0,53.0
295,2024-10-22 00:00:00+00:00,SON,320.30833333333334,61.0,394.0,55.0
296,2024-10-23 00:00:00+00:00,SON,314.73333333333335,72.0,389.0,53.0
297,2024-10-24 00:00:00+00:00,SON,323.1499999999999,67.0,410.0,57.0
298,2024-10-25 00:00:00+00:00,SON,321.73333333333335,68.0,400.0,58.0
299,2024-10-26 00:00:00+00:00,SON,298.3083333333333,65.0,367.0,65.0
300,2024-10-27 00:00:00+00:00,SON,302.9416666666666,71.0,385.0,56.0
301,2024-10-28 00:00:00+00:00,SON,318.9833333333333,70.0,403.0,56.0
302,2024-10-29 00:00:00+00:00,SON,325.1833333333333,61.0,395.0,56.0
303,2024-10-30 00:00:00+00:00,SON,330.5583333333333,68.0,381.0,60.0
304,2024-10-31 00:00:00+00:00,SON,334.20833333333337,78.0,391.0,73.0
305,2024-11-01 00:00:00+00:00,SON,326.4916666666667,80.0,410.0,76.0
306,2024-11-02 00:00:00+00:00,SON,330.3666666666667,83.0,386.0,68.0
307,2024-11-03 00:00:00+00:00,SON,323.2416666666667,81.0,350.0,68.0
308,2024-11-04 00:00:00+00:00,SON,341.625,76.0,377.0,76.0
309,2024-11-05 00:00:00+00:00,SON,340.2,80.0,376.0,67.0
310,2024-11-06 00:00:00+00:00,SON,350.39166666666665,67.0,413.0,67.0
311,2024-11-07 00:00:00+00:00,SON,359.675,82.0,421.0,75.0
312,2024-11-08 00:00:00+00:00,SON,354.375,75.0,405.0,67.0
313,2024-11-09 00:00:00+00:00,SON,347.93333333333334,76.0,364.0,73.0
314,2024-11-10 00:00:00+00:00,SON,340.54999999999995,100.0,395.0,100.0
315,2024-11-11 00:00:00+00:00,SON,324.5,100.0,378.0,100.0
316,2024-11-12 00:00:00+00:00,SON,334.54999999999995,100.0,391.0,79.0
317,2024-11-13 00:00:00+00:00,SON,352.625,75.0,404.0,65.0
318,2024-11-14 00:00:00+00:00,SON,358.8083333333334,70.0,432.0,62.0
319,2024-11-15 00:00:00+00:00,SON,364.5833333333333,70.0,452.0,64.0
320,2024-11-16 00:00:00+00:00,SON,326.73333333333335,80.0,379.0,72.0
321,2024-11-17 00:00:00+00:00,SON,320.9416666666666,80.0,388.0,80.0
322,2024-11-18 00:00:00+00:00,SON,350.76666666666665,100.0,409.0,100.0
323,2024-11-19 00:00:00+00:00,SON,348.3666666666667,159.0,394.0,120.0
324,2024-11-20 00:00:00+00:00,SON,335.3666666666667,117.0,410.0,78.0
325,2024-11-21 00:00:00+00:00,SON,348.7416666666667,83.0,404.0,83.0
326,2024-11-22 00:00:00+00:00,SON,338.35833333333335,97.0,425.0,97.0
327,2024-11-23 00:00:00+00:00,SON,318.04999999999995,100.0,433.0,74.0
328,2024-11-24 00:00:00+00:00,SON,300.0,76.0,389.0,72.0
329,2024-11-25 00:00:00+00:00,SON,314.65,80.0,412.0,66.0
330,2024-11-26 00:00:00+00:00,SON,327.89166666666665,74.0,397.0,66.0
331,2024-11-27 00:00:00+00:00,SON,333.41666666666663,95.0,451.0,95.0
332,2024-11-28 00:00:00+00:00,SON,358.23333333333335,100.0,429.0,100.0
333,2024-11-29 00:00:00+00:00,SON,335.25,100.0,411.0,81.0
334,2024-11-30 00:00:00+00:00,SON,339.2583333333333,92.0,426.0,75.0
335,2024-12-01 00:00:00+00:00,DJF,327.95,84.0,447.0,70.0
336,2024-12-02 00:00:00+00:00,DJF,352.35,76.0,485.0,70.0
337,2024-12-03 00:00:00+00:00,DJF,378.09999999999997,88.0,470.0,88.0
338,2024-12-04 00:00:00+00:00,DJF,374.2,100.0,479.0,89.0
339,2024-12-05 00:00:00+00:00,DJF,329.925,88.0,450.0,82.0
340,2024-12-06 00:00:00+00:00,DJF,339.625,82.0,464.0,79.0
341,2024-12-07 00:00:00+00:00,DJF,322.3833333333333,87.0,438.0,87.0
342,2024-12-08 00:00:00+00:00,DJF,311.42499999999995,99.0,397.0,95.0
343,2024-12-09 00:00:00+00:00,DJF,336.375,93.0,427.0,75.0
344,2024-12-10 00:00:00+00:00,DJF,348.48333333333335,83.0,454.0,74.0
345,2024-12-11 00:00:00+00:00,DJF,357.95833333333337,84.0,453.0,75.0
346,2024-12-12 00:00:00+00:00,DJF,367.25,81.0,466.0,79.0
347,2024-12-13 00:00:00+00:00,DJF,390.90833333333336,125.0,482.0,100.0
348,2024-12-14 00:00:00+00:00,DJF,350.8666666666667,100.0,444.0,83.0
349,2024-12-15 00:00:00+00:00,DJF,325.4,85.0,449.0,81.0
350,2024-12-16 00:00:00+00:00,DJF,335.64166666666665,82.0,437.0,80.0
351,2024-12-17 00:00:00+00:00,DJF,342.3083333333333,100.0,408.0,100.0
352,2024-12-18 00:00:00+00:00,DJF,336.6166666666667,122.0,460.0,88.0
353,2024-12-19 00:00:00+00:00,DJF,332.05833333333334,89.0,468.0,84.0
354,2024-12-20 00:00:00+00:00,DJF,349.25,117.0,473.0,100.0
355,2024-12-21 00:00:00+00:00,DJF,332.31666666666666,100.0,477.0,97.0
356,2024-12-22 00:00:00+00:00,DJF,330.8833333333333,100.0,462.0,96.0
357,2024-12-23 00:00:00+00:00,DJF,343.525,100.0,475.0,100.0
358,2024-12-24 00:00:00+00:00,DJF,353.9666666666667,100.0,504.0,89.0
359,2024-12-25 00:00:00+00:00,DJF,338.9916666666667,94.0,465.0,85.0
360,2024-12-26 00:00:00+00:00,DJF,348.3166666666667,97.0,461.0,80.0
361,2024-12-27 00:00:00+00:00,DJF,346.3,88.0,439.0,81.0
362,2024-12-28 00:00:00+00:00,DJF,339.68333333333334,89.0,405.0,82.0
363,2024-12-29 00:00:00+00:00,DJF,328.2583333333333,93.0,392.0,79.0
364,2024-12-30 00:00:00+00:00,DJF,311.83333333333337,90.0,411.0,76.0
365,2024-12-31 00:00:00+00:00,DJF,311.0416666666667,78.0,402.0,78.0
366,2025-01-01 00:00:00+00:00,DJF,306.55,95.0,398.0,95.0
367,2025-01-02 00:00:00+00:00,DJF,346.2166666666667,132.0,459.0,131.0
368,2025-01-03 00:00:00+00:00,DJF,354.65000000000003,135.0,482.0,135.0
369,2025-01-04 00:00:00+00:00,DJF,361.525,138.0,497.0,138.0
370,2025-01-05 00:00:00+00:00,DJF,338.81666666666666,124.0,522.0,88.0
371,2025-01-06 00:00:00+00:00,DJF,343.6166666666667,100.0,508.0,100.0
372,2025-01-07 00:00:00+00:00,DJF,348.5583333333334,100.0,558.0,86.0
373,2025-01-08 00:00:00+00:00,DJF,362.21666666666664,91.0,557.0,91.0
374,2025-01-09 00:00:00+00:00,DJF,363.8583333333333,119.0,527.0,119.0
375,2025-01-10 00:00:00+00:00,DJF,382.54166666666663,138.0,554.0,100.0
376,2025-01-11 00:00:00+00:00,DJF,372.87499999999994,100.0,522.0,100.0
377,2025-01-12 00:00:00+00:00,DJF,352.0333333333333,100.0,461.0,100.0
378,2025-01-13 00:00:00+00:00,DJF,355.0083333333333,100.0,474.0,72.0
379,2025-01-14 00:00:00+00:00,DJF,369.83333333333337,82.0,504.0,73.0
380,2025-01-15 00:00:00+00:00,DJF,380.4,92.0,524.0,73.0
381,2025-01-16 00:00:00+00:00,DJF,371.8833333333333,80.0,532.0,69.0
382,2025-01-17 00:00:00+00:00,DJF,373.0083333333333,80.0,465.0,75.0
383,2025-01-18 00:00:00+00:00,DJF,367.07500000000005,80.0,499.0,76.0
384,2025-01-19 00:00:00+00:00,DJF,371.1833333333333,90.0,519.0,76.0
385,2025-01-20 00:00:00+00:00,DJF,398.9916666666667,96.0,546.0,96.0
386,2025-01-21 00:00:00+00:00,DJF,404.08333333333337,100.0,597.0,92.0
387,2025-01-22 00:00:00+00:00,DJF,408.9666666666667,96.0,553.0,96.0
388,2025-01-23 00:00:00+00:00,DJF,371.34166666666664,138.0,561.0,99.0
389,2025-01-24 00:00:00+00:00,DJF,351.66666666666663,97.0,552.0,80.0
390,2025-01-25 00:00:00+00:00,DJF,337.7083333333333,82.0,473.0,73.0
391,2025-01-26 00:00:00+00:00,DJF,327.1166666666667,77.0,486.0,77.0
392,2025-01-27 00:00:00+00:00,DJF,326.39166666666665,100.0,444.0,85.0
393,2025-01-28 00:00:00+00:00,DJF,321.2416666666667,83.0,427.0,83.0
394,2025-01-29 00:00:00+00:00,DJF,328.675,100.0,426.0,84.0
395,2025-01-30 00:00:00+00:00,DJF,351.05,86.0,452.0,85.0
396,2025-01-31 00:00:00+00:00,DJF,356.0833333333333,92.0,452.0,91.0
397,2025-02-01 00:00:00+00:00,DJF,343.0916666666667,100.0,417.0,87.0
398,2025-02-02 00:00:00+00:00,DJF,354.0,94.0,456.0,85.0
399,2025-02-03 00:00:00+00:00,DJF,370.33333333333337,93.0,433.0,93.0
400,2025-02-04 00:00:00+00:00,DJF,355.175,131.0,429.0,71.0
401,2025-02-05 00:00:00+00:00,DJF,371.4416666666667,74.0,465.0,69.0
402,2025-02-06 00:00:00+00:00,DJF,365.975,90.0,459.0,79.0
403,2025-02-07 00:00:00+00:00,DJF,332.44166666666666,84.0,435.0,76.0
404,2025-02-08 00:00:00+00:00,DJF,356.6583333333333,88.0,466.0,88.0
405,2025-02-09 00:00:00+00:00,DJF,355.325,97.0,462.0,84.0
406,2025-02-10 00:00:00+00:00,DJF,361.31666666666666,88.0,468.0,88.0
407,2025-02-11 00:00:00+00:00,DJF,375.96666666666664,90.0,513.0,82.0
408,2025-02-12 00:00:00+00:00,DJF,388.5166666666667,88.0,508.0,88.0
409,2025-02-13 00:00:00+00:00,DJF,378.45,100.0,491.0,100.0
410,2025-02-14 00:00:00+00:00,DJF,381.375,152.0,465.0,129.0
411,2025-02-15 00:00:00+00:00,DJF,378.3083333333333,127.0,498.0,100.0
412,2025-02-16 00:00:00+00:00,DJF,371.64166666666665,175.0,476.0,158.0
413,2025-02-17 00:00:00+00:00,DJF,379.91666666666674,175.0,466.0,123.0
414,2025-02-18 00:00:00+00:00,DJF,368.4916666666666,100.0,537.0,98.0
415,2025-02-19 00:00:00+00:00,DJF,382.83333333333337,122.0,579.0,94.0
416,2025-02-20 00:00:00+00:00,DJF,360.9666666666667,100.0,544.0,87.0
417,2025-02-21 00:00:00+00:00,DJF,345.42500000000007,89.0,519.0,78.0
418,2025-02-22 00:00:00+00:00,DJF,340.34999999999997,85.0,443.0,75.0
419,2025-02-23 00:00:00+00:00,DJF,325.0083333333333,83.0,408.0,80.0
420,2025-02-24 00:00:00+00:00,DJF,321.2583333333333,87.0,417.0,76.0
421,2025-02-25 00:00:00+00:00,DJF,347.025,80.0,413.0,76.0
422,2025-02-26 00:00:00+00:00,DJF,349.1833333333333,85.0,442.0,84.0
423,2025-02-27 00:00:00+00:00,DJF,347.425,87.0,425.0,87.0
424,2025-02-28 00:00:00+00:00,DJF,346.1333333333333,94.0,361.0,94.0
425,2025-03-01 00:00:00+00:00,MAM,337.9333333333334,100.0,379.0,93.0
426,2025-03-02 00:00:00+00:00,MAM,343.175,98.0,427.0,88.0
427,2025-03-03 00:00:00+00:00,MAM,358.98333333333335,100.0,446.0,87.0
428,2025-03-04 00:00:00+00:00,MAM,348.9416666666667,98.0,415.0,86.0
429,2025-03-05 00:00:00+00:00,MAM,332.6333333333333,95.0,426.0,84.0
430,2025-03-06 00:00:00+00:00,MAM,326.04166666666663,100.0,432.0,79.0
431,2025-03-07 00:00:00+00:00,MAM,331.89166666666665,88.0,441.0,74.0
432,2025-03-08 00:00:00+00:00,MAM,316.76666666666665,81.0,370.0,76.0
433,2025-03-09 00:00:00+00:00,MAM,324.425,76.0,360.0,76.0
434,2025-03-10 00:00:00+00:00,MAM,344.40000000000003,121.0,402.0,100.0
435,2025-03-11 00:00:00+00:00,MAM,341.43333333333334,100.0,370.0,100.0
436,2025-03-12 00:00:00+00:00,MAM,365.60833333333335,176.0,402.0,173.0
437,2025-03-13 00:00:00+00:00,MAM,372.27500000000003,177.0,398.0,177.0
438,2025-03-14 00:00:00+00:00,MAM,353.6333333333333,175.0,371.0,88.0
439,2025-03-15 00:00:00+00:00,MAM,298.2166666666667,87.0,371.0,81.0
440,2025-03-16 00:00:00+00:00,MAM,302.05833333333334,87.0,380.0,87.0
441,2025-03-17 00:00:00+00:00,MAM,340.04999999999995,98.0,399.0,98.0
442,2025-03-18 00:00:00+00:00,MAM,327.29999999999995,119.0,375.0,77.0
443,2025-03-19 00:00:00+00:00,MAM,333.79999999999995,89.0,389.0,82.0
444,2025-03-20 00:00:00+00:00,MAM,344.54999999999995,100.0,419.0,100.0
445,2025-03-21 00:00:00+00:00,MAM,327.04166666666663,141.0,362.0,100.0
446,2025-03-22 00:00:00+00:00,MAM,313.93333333333334,94.0,389.0,88.0
447,2025-03-23 00:00:00+00:00,MAM,326.6916666666667,93.0,384.0,92.0
448,2025-03-24 00:00:00+00:00,MAM,347.64166666666665,97.0,404.0,82.0
449,2025-03-25 00:00:00+00:00,MAM,351.89166666666665,90.0,408.0,85.0
450,2025-03-26 00:00:00+00:00,MAM,367.425,100.0,424.0,86.0
451,2025-03-27 00:00:00+00:00,MAM,343.875,90.0,405.0,64.0
452,2025-03-28 00:00:00+00:00,MAM,328.2416666666667,75.0,411.0,67.0
453,2025-03-29 00:00:00+00:00,MAM,312.7,73.0,384.0,62.0
454,2025-03-30 00:00:00+00:00,MAM,311.10833333333335,72.0,395.0,71.0
455,2025-03-31 00:00:00+00:00,MAM,326.45,100.0,426.0,89.0
456,2025-04-01 00:00:00+00:00,MAM,319.55833333333334,94.0,401.0,70.0
457,2025-04-02 00:00:00+00:00,MAM,314.98333333333335,76.0,456.0,69.0
458,2025-04-03 00:00:00+00:00,MAM,321.2083333333333,80.0,443.0,68.0
459,2025-04-04 00:00:00+00:00,MAM,337.5083333333333,77.0,479.0,67.0
460,2025-04-05 00:00:00+00:00,MAM,322.10833333333335,79.0,458.0,78.0
461,2025-04-06 00:00:00+00:00,MAM,323.1166666666666,90.0,457.0,81.0
462,2025-04-07 00:00:00+00:00,MAM,345.4,81.0,450.0,81.0
463,2025-04-08 00:00:00+00:00,MAM,339.7083333333333,100.0,418.0,71.0
464,2025-04-09 00:00:00+00:00,MAM,334.925,71.0,425.0,63.0
465,2025-04-10 00:00:00+00:00,MAM,339.3083333333333,77.0,457.0,65.0
466,2025-04-11 00:00:00+00:00,MAM,341.58333333333326,72.0,479.0,70.0
467,2025-04-12 00:00:00+00:00,MAM,316.43333333333334,71.0,431.0,68.0
468,2025-04-13 00:00:00+00:00,MAM,305.06666666666666,76.0,347.0,69.0
469,2025-04-14 00:00:00+00:00,MAM,311.875,71.0,387.0,62.0
470,2025-04-15 00:00:00+00:00,MAM,309.48333333333335,67.0,407.0,65.0
471,2025-04-16 00:00:00+00:00,MAM,323.525,86.0,405.0,72.0
472,2025-04-17 00:00:00+00:00,MAM,341.98333333333335,83.0,374.0,82.0
473,2025-04-18 00:00:00+00:00,MAM,316.5583333333334,82.0,364.0,78.0
474,2025-04-19 00:00:00+00:00,MAM,303.14166666666665,88.0,414.0,82.0
475,2025-04-20 00:00:00+00:00,MAM,311.51666666666665,82.0,364.0,79.0
476,2025-04-21 00:00:00+00:00,MAM,321.01666666666665,81.0,393.0,77.0
477,2025-04-22 00:00:00+00:00,MAM,342.77500000000003,90.0,397.0,90.0
478,2025-04-23 00:00:00+00:00,MAM,350.8833333333333,100.0,423.0,72.0
479,2025-04-24 00:00:00+00:00,MAM,357.95833333333337,95.0,429.0,95.0
480,2025-04-25 00:00:00+00:00,MAM,344.6,145.0,441.0,75.0
481,2025-04-26 00:00:00+00:00,MAM,306.2416666666667,75.0,389.0,72.0
482,2025-04-27 00:00:00+00:00,MAM,291.7583333333333,100.0,323.0,80.0
483,2025-04-28 00:00:00+00:00,MAM,313.30833333333334,79.0,368.0,73.0
484,2025-04-29 00:00:00+00:00,MAM,306.775,73.0,382.0,68.0
485,2025-04-30 00:00:00+00:00,MAM,325.325,99.0,424.0,78.0
486,2025-05-01 00:00:00+00:00,MAM,316.57499999999993,77.0,419.0,62.0
487,2025-05-02 00:00:00+00:00,MAM,311.375,65.0,439.0,55.0
488,2025-05-03 00:00:00+00:00,MAM,307.5916666666667,66.0,414.0,61.0
489,2025-05-04 00:00:00+00:00,MAM,299.2083333333333,65.0,398.0,59.0
490,2025-05-05 00:00:00+00:00,MAM,307.0666666666667,63.0,430.0,63.0
491,2025-05-06 00:00:00+00:00,MAM,304.76666666666665,70.0,415.0,66.0
492,2025-05-07 00:00:00+00:00,MAM,312.5083333333333,71.0,431.0,69.0
493,2025-05-08 00:00:00+00:00,MAM,314.4916666666666,85.0,411.0,82.0
494,2025-05-09 00:00:00+00:00,MAM,314.18333333333334,82.0,429.0,73.0
495,2025-05-10 00:00:00+00:00,MAM,295.85833333333335,82.0,371.0,73.0
496,2025-05-11 00:00:00+00:00,MAM,286.0083333333333,77.0,353.0,77.0
497,2025-05-12 00:00:00+00:00,MAM,313.8416666666667,86.0,414.0,71.0
498,2025-05-13 00:00:00+00:00,MAM,326.57500000000005,77.0,454.0,66.0
499,2025-05-14 00:00:00+00:00,MAM,319.45000000000005,73.0,453.0,65.0
500,2025-05-15 00:00:00+00:00,MAM,312.20833333333337,70.0,441.0,62.0
501,2025-05-16 00:00:00+00:00,MAM,313.73333333333335,70.0,435.0,63.0
502,2025-05-17 00:00:00+00:00,MAM,293.73333333333335,64.0,356.0,59.0
503,2025-05-18 00:00:00+00:00,MAM,290.1333333333333,64.0,358.0,64.0
504,2025-05-19 00:00:00+00:00,MAM,294.2916666666667,71.0,358.0,60.0
505,2025-05-20 00:00:00+00:00,MAM,299.475,64.0,372.0,58.0
506,2025-05-21 00:00:00+00:00,MAM,309.67500000000007,65.0,402.0,61.0
507,2025-05-22 00:00:00+00:00,MAM,299.35833333333335,61.0,399.0,53.0
508,2025-05-23 00:00:00+00:00,MAM,294.32499999999993,64.0,369.0,53.0
509,2025-05-24 00:00:00+00:00,MAM,282.55,62.0,358.0,59.0
510,2025-05-25 00:00:00+00:00,MAM,290.425,69.0,359.0,61.0
511,2025-05-26 00:00:00+00:00,MAM,294.8416666666667,61.0,373.0,56.0
512,2025-05-27 00:00:00+00:00,MAM,300.2166666666667,67.0,410.0,55.0
513,2025-05-28 00:00:00+00:00,MAM,306.9166666666667,60.0,440.0,55.0
514,2025-05-29 00:00:00+00:00,MAM,314.56666666666666,63.0,438.0,63.0
515,2025-05-30 00:00:00+00:00,MAM,307.2666666666667,66.0,409.0,55.0
516,2025-05-31 00:00:00+00:00,MAM,288.8416666666667,63.0,347.0,54.0
517,2025-06-01 00:00:00+00:00,JJA,282.48333333333335,56.0,347.0,52.0
518,2025-06-02 00:00:00+00:00,JJA,296.65,53.0,373.0,47.0
519,2025-06-03 00:00:00+00:00,JJA,303.14166666666665,60.0,392.0,56.0
520,2025-06-04 00:00:00+00:00,JJA,307.98333333333335,55.0,414.0,49.0
521,2025-06-05 00:00:00+00:00,JJA,322.4,50.0,469.0,45.0
522,2025-06-06 00:00:00+00:00,JJA,328.35,55.0,479.0,50.0
523,2025-06-07 00:00:00+00:00,JJA,318.0666666666666,56.0,431.0,52.0
524,2025-06-08 00:00:00+00:00,JJA,307.4083333333334,58.0,422.0,49.0
525,2025-06-09 00:00:00+00:00,JJA,308.875,55.0,431.0,50.0
526,2025-06-10 00:00:00+00:00,JJA,315.7416666666667,51.0,421.0,51.0
527,2025-06-11 00:00:00+00:00,JJA,316.625,64.0,419.0,58.0
528,2025-06-12 00:00:00+00:00,JJA,315.68333333333334,56.0,446.0,48.0
529,2025-06-13 00:00:00+00:00,JJA,327.5,52.0,470.0,50.0
530,2025-06-14 00:00:00+00:00,JJA,314.75,58.0,431.0,47.0
531,2025-06-15 00:00:00+00:00,JJA,312.15,56.0,427.0,51.0
532,2025-06-16 00:00:00+00:00,JJA,327.8833333333333,52.0,448.0,52.0
533,2025-06-17 00:00:00+00:00,JJA,332.76666666666665,59.0,456.0,50.0
534,2025-06-18 00:00:00+00:00,JJA,339.1166666666667,55.0,489.0,50.0
535,2025-06-19 00:00:00+00:00,JJA,337.2,58.0,466.0,51.0
536,2025-06-20 00:00:00+00:00,JJA,336.29999999999995,54.0,461.0,52.0
537,2025-06-21 00:00:00+00:00,JJA,330.6416666666667,63.0,430.0,50.0
538,2025-06-22 00:00:00+00:00,JJA,322.425,55.0,448.0,55.0
539,2025-06-23 00:00:00+00:00,JJA,343.44166666666666,56.0,516.0,49.0
540,2025-06-24 00:00:00+00:00,JJA,352.39166666666665,56.0,556.0,48.0
541,2025-06-25 00:00:00+00:00,JJA,366.0333333333334,50.0,557.0,43.0
542,2025-06-26 00:00:00+00:00,JJA,354.625,50.0,545.0,49.0
543,2025-06-27 00:00:00+00:00,JJA,336.3833333333333,54.0,525.0,50.0
544,2025-06-28 00:00:00+00:00,JJA,327.8,54.0,481.0,49.0
545,2025-06-29 00:00:00+00:00,JJA,340.475,55.0,491.0,48.0
546,2025-06-30 00:00:00+00:00,JJA,364.58333333333337,54.0,539.0,45.0
547,2025-07-01 00:00:00+00:00,JJA,373.0083333333334,50.0,516.0,50.0
548,2025-07-02 00:00:00+00:00,JJA,365.8833333333333,56.0,503.0,52.0
549,2025-07-03 00:00:00+00:00,JJA,354.64166666666665,55.0,493.0,44.0
550,2025-07-04 00:00:00+00:00,JJA,346.3333333333333,50.0,452.0,46.0
551,2025-07-05 00:00:00+00:00,JJA,334.7416666666666,53.0,445.0,49.0
552,2025-07-06 00:00:00+00:00,JJA,347.5916666666667,52.0,475.0,50.0
553,2025-07-07 00:00:00+00:00,JJA,361.91666666666663,56.0,545.0,48.0
554,2025-07-08 00:00:00+00:00,JJA,369.02500000000003,48.0,539.0,46.0
555,2025-07-09 00:00:00+00:00,JJA,378.5083333333333,54.0,546.0,53.0
556,2025-07-10 00:00:00+00:00,JJA,373.06666666666666,56.0,521.0,52.0
557,2025-07-11 00:00:00+00:00,JJA,371.23333333333335,53.0,517.0,50.0
558,2025-07-12 00:00:00+00:00,JJA,361.45,56.0,503.0,49.0
559,2025-07-13 00:00:00+00:00,JJA,357.26666666666665,52.0,499.0,49.0
560,2025-07-14 00:00:00+00:00,JJA,359.2666666666667,50.0,533.0,45.0
561,2025-07-15 00:00:00+00:00,JJA,356.2583333333333,55.0,528.0,49.0
562,2025-07-16 00:00:00+00:00,JJA,365.04166666666663,53.0,549.0,47.0
563,2025-07-17 00:00:00+00:00,JJA,367.425,51.0,521.0,46.0
564,2025-07-18 00:00:00+00:00,JJA,363.1333333333333,54.0,520.0,48.0
565,2025-07-19 00:00:00+00:00,JJA,344.39166666666665,54.0,491.0,52.0
566,2025-07-20 00:00:00+00:00,JJA,353.14166666666665,59.0,493.0,51.0
567,2025-07-21 00:00:00+00:00,JJA,350.5333333333333,53.0,511.0,50.0
568,2025-07-22 00:00:00+00:00,JJA,352.9916666666666,59.0,492.0,52.0
569,2025-07-23 00:00:00+00:00,JJA,362.225,59.0,503.0,51.0
570,2025-07-24 00:00:00+00:00,JJA,362.60833333333335,55.0,524.0,44.0
571,2025-07-25 00:00:00+00:00,JJA,371.925,49.0,554.0,47.0
572,2025-07-26 00:00:00+00:00,JJA,360.9,53.0,517.0,52.0
573,2025-07-27 00:00:00+00:00,JJA,356.6333333333333,56.0,521.0,48.0
574,2025-07-28 00:00:00+00:00,JJA,367.73333333333335,52.0,552.0,48.0
575,2025-07-29 00:00:00+00:00,JJA,370.64166666666665,56.0,554.0,45.0
576,2025-07-30 00:00:00+00:00,JJA,368.625,49.0,549.0,45.0
577,2025-07-31 00:00:00+00:00,JJA,358.0083333333333,50.0,514.0,44.0
578,2025-08-01 00:00:00+00:00,JJA,341.51666666666665,51.0,473.0,47.0
579,2025-08-02 00:00:00+00:00,JJA,323.925,54.0,431.0,51.0
580,2025-08-03 00:00:00+00:00,JJA,322.35833333333335,53.0,407.0,49.0
581,2025-08-04 00:00:00+00:00,JJA,334.7083333333333,51.0,457.0,44.0
582,2025-08-05 00:00:00+00:00,JJA,343.875,48.0,486.0,46.0
583,2025-08-06 00:00:00+00:00,JJA,356.0083333333333,52.0,495.0,44.0
584,2025-08-07 00:00:00+00:00,JJA,341.7833333333333,50.0,493.0,43.0
585,2025-08-08 00:00:00+00:00,JJA,343.9083333333333,48.0,481.0,44.0
586,2025-08-09 00:00:00+00:00,JJA,333.2833333333333,48.0,444.0,45.0
587,2025-08-10 00:00:00+00:00,JJA,341.70833333333337,47.0,460.0,47.0
588,2025-08-11 00:00:00+00:00,JJA,364.2,49.0,515.0,46.0
589,2025-08-12 00:00:00+00:00,JJA,381.7583333333333,54.0,533.0,53.0
590,2025-08-13 00:00:00+00:00,JJA,389.60833333333335,65.0,547.0,56.0
591,2025-08-14 00:00:00+00:00,JJA,372.8833333333333,56.0,526.0,48.0
592,2025-08-15 00:00:00+00:00,JJA,369.79999999999995,48.0,515.0,41.0
593,2025-08-16 00:00:00+00:00,JJA,363.10833333333335,50.0,505.0,46.0
594,2025-08-17 00:00:00+00:00,JJA,354.16666666666663,50.0,489.0,46.0
595,2025-08-18 00:00:00+00:00,JJA,362.7416666666667,53.0,518.0,45.0
596,2025-08-19 00:00:00+00:00,JJA,351.0083333333333,46.0,513.0,44.0
597,2025-08-20 00:00:00+00:00,JJA,347.84999999999997,48.0,521.0,47.0
598,2025-08-21 00:00:00+00:00,JJA,341.44166666666666,58.0,495.0,58.0
599,2025-08-22 00:00:00+00:00,JJA,353.7416666666666,70.0,463.0,68.0
600,2025-08-23 00:00:00+00:00,JJA,338.48333333333335,68.0,423.0,60.0
601,2025-08-24 00:00:00+00:00,JJA,333.05833333333334,60.0,420.0,48.0
602,2025-08-25 00:00:00+00:00,JJA,337.45833333333337,51.0,425.0,47.0
603,2025-08-26 00:00:00+00:00,JJA,329.73333333333335,58.0,420.0,58.0
604,2025-08-27 00:00:00+00:00,JJA,328.5,67.0,394.0,59.0
605,2025-08-28 00:00:00+00:00,JJA,322.90000000000003,67.0,407.0,66.0
606,2025-08-29 00:00:00+00:00,JJA,307.1666666666667,74.0,393.0,53.0
607,2025-08-30 00:00:00+00:00,JJA,298.95,52.0,368.0,51.0
608,2025-08-31 00:00:00+00:00,JJA,300.93333333333334,61.0,357.0,61.0
609,2025-09-01 00:00:00+00:00,SON,307.3666666666667,76.0,355.0,61.0
610,2025-09-02 00:00:00+00:00,SON,312.95833333333337,62.0,395.0,54.0
611,2025-09-03 00:00:00+00:00,SON,307.8333333333333,58.0,399.0,49.0
612,2025-09-04 00:00:00+00:00,SON,314.2583333333333,55.0,427.0,49.0
613,2025-09-05 00:00:00+00:00,SON,314.9083333333333,56.0,370.0,52.0
614,2025-09-06 00:00:00+00:00,SON,310.04999999999995,56.0,413.0,56.0
615,2025-09-07 00:00:00+00:00,SON,308.35833333333335,60.0,392.0,55.0
616,2025-09-08 00:00:00+00:00,SON,318.53333333333336,65.0,369.0,62.0
617,2025-09-09 00:00:00+00:00,SON,331.6166666666667,71.0,382.0,58.0
618,2025-09-10 00:00:00+00:00,SON,319.0083333333333,60.0,425.0,49.0
619,2025-09-11 00:00:00+00:00,SON,315.9583333333333,53.0,436.0,44.0
620,2025-09-12 00:00:00+00:00,SON,310.54999999999995,48.0,405.0,45.0
621,2025-09-13 00:00:00+00:00,SON,309.59999999999997,53.0,398.0,51.0
622,2025-09-14 00:00:00+00:00,SON,311.45,55.0,412.0,55.0
623,2025-09-15 00:00:00+00:00,SON,316.2416666666667,56.0,428.0,45.0
624,2025-09-16 00:00:00+00:00,SON,319.025,51.0,445.0,46.0
625,2025-09-17 00:00:00+00:00,SON,328.7166666666667,58.0,460.0,55.0
626,2025-09-18 00:00:00+00:00,SON,330.14166666666665,57.0,463.0,57.0
627,2025-09-19 00:00:00+00:00,SON,334.325,73.0,462.0,53.0
628,2025-09-20 00:00:00+00:00,SON,315.025,52.0,430.0,48.0
629,2025-09-21 00:00:00+00:00,SON,313.025,57.0,452.0,41.0
630,2025-09-22 00:00:00+00:00,SON,323.7583333333333,49.0,459.0,43.0
631,2025-09-23 00:00:00+00:00,SON,336.54999999999995,48.0,460.0,43.0
632,2025-09-24 00:00:00+00:00,SON,339.89166666666665,47.0,484.0,44.0
633,2025-09-25 00:00:00+00:00,SON,342.7,53.0,488.0,44.0
634,2025-09-26 00:00:00+00:00,SON,352.425,57.0,463.0,57.0
635,2025-09-27 00:00:00+00:00,SON,341.26666666666665,64.0,450.0,64.0
636,2025-09-28 00:00:00+00:00,SON,329.85,64.0,434.0,54.0
637,2025-09-29 00:00:00+00:00,SON,346.27500000000003,58.0,469.0,50.0
638,2025-09-30 00:00:00+00:00,SON,357.91666666666663,57.0,481.0,53.0
639,2025-10-01 00:00:00+00:00,SON,345.4916666666666,54.0,429.0,54.0
640,2025-10-02 00:00:00+00:00,SON,327.66666666666663,62.0,418.0,50.0
641,2025-10-03 00:00:00+00:00,SON,313.875,50.0,423.0,46.0
642,2025-10-04 00:00:00+00:00,SON,309.29166666666663,50.0,404.0,44.0
643,2025-10-05 00:00:00+00:00,SON,313.59999999999997,54.0,402.0,44.0
644,2025-10-06 00:00:00+00:00,SON,350.19999999999993,61.0,442.0,61.0
645,2025-10-07 00:00:00+00:00,SON,372.5083333333333,69.0,520.0,45.0
646,2025-10-08 00:00:00+00:00,SON,370.33333333333337,50.0,472.0,46.0
647,2025-10-09 00:00:00+00:00,SON,348.9416666666666,59.0,411.0,46.0
648,2025-10-10 00:00:00+00:00,SON,340.01666666666665,55.0,423.0,51.0
649,2025-10-11 00:00:00+00:00,SON,325.06666666666666,58.0,427.0,53.0
650,2025-10-12 00:00:00+00:00,SON,323.52500000000003,61.0,441.0,50.0
651,2025-10-13 00:00:00+00:00,SON,355.5333333333333,50.0,468.0,49.0
652,2025-10-14 00:00:00+00:00,SON,376.2916666666667,94.0,474.0,92.0
653,2025-10-15 00:00:00+00:00,SON,368.85833333333335,92.0,474.0,51.0
654,2025-10-16 00:00:00+00:00,SON,353.9666666666667,56.0,425.0,49.0
655,2025-10-17 00:00:00+00:00,SON,371.1083333333333,76.0,426.0,76.0
656,2025-10-18 00:00:00+00:00,SON,332.26666666666665,100.0,400.0,54.0
657,2025-10-19 00:00:00+00:00,SON,301.82500000000005,55.0,388.0,49.0
658,2025-10-20 00:00:00+00:00,SON,307.225,58.0,389.0,55.0
659,2025-10-21 00:00:00+00:00,SON,310.2416666666667,55.0,386.0,47.0
660,2025-10-22 00:00:00+00:00,SON,339.2416666666667,51.0,415.0,46.0
661,2025-10-23 00:00:00+00:00,SON,314.0416666666667,52.0,425.0,48.0
662,2025-10-24 00:00:00+00:00,SON,321.29999999999995,64.0,443.0,60.0
663,2025-10-25 00:00:00+00:00,SON,320.9,61.0,428.0,52.0
664,2025-10-26 00:00:00+00:00,SON,311.7916666666667,57.0,368.0,53.0
665,2025-10-27 00:00:00+00:00,SON,315.4916666666667,63.0,412.0,57.0
666,2025-10-28 00:00:00+00:00,SON,317.5583333333334,64.0,433.0,64.0
667,2025-10-29 00:00:00+00:00,SON,333.35833333333335,74.0,437.0,74.0
668,2025-10-30 00:00:00+00:00,SON,325.42500000000007,78.0,443.0,57.0
669,2025-10-31 00:00:00+00:00,SON,314.4666666666667,60.0,403.0,60.0
670,2025-11-01 00:00:00+00:00,SON,309.30833333333334,76.0,410.0,62.0
671,2025-11-02 00:00:00+00:00,SON,320.15000000000003,65.0,419.0,57.0
672,2025-11-03 00:00:00+00:00,SON,310.83333333333337,68.0,421.0,58.0
673,2025-11-04 00:00:00+00:00,SON,302.42499999999995,64.0,390.0,48.0
674,2025-11-05 00:00:00+00:00,SON,301.56666666666666,54.0,366.0,46.0
675,2025-11-06 00:00:00+00:00,SON,323.3666666666667,52.0,379.0,49.0
676,2025-11-07 00:00:00+00:00,SON,331.76666666666665,62.0,403.0,62.0
677,2025-11-08 00:00:00+00:00,SON,336.5416666666667,65.0,411.0,63.0
678,2025-11-09 00:00:00+00:00,SON,335.325,62.0,394.0,59.0
679,2025-11-10 00:00:00+00:00,SON,335.3083333333333,66.0,438.0,66.0
680,2025-11-11 00:00:00+00:00,SON,331.375,90.0,452.0,58.0
681,2025-11-12 00:00:00+00:00,SON,315.3833333333334,58.0,411.0,51.0
682,2025-11-13 00:00:00+00:00,SON,320.96666666666664,58.0,450.0,56.0
683,2025-11-14 00:00:00+00:00,SON,342.1166666666667,56.0,457.0,55.0
684,2025-11-15 00:00:00+00:00,SON,329.2416666666667,56.0,414.0,47.0
685,2025-11-16 00:00:00+00:00,SON,320.1333333333333,56.0,367.0,56.0
686,2025-11-17 00:00:00+00:00,SON,348.33333333333337,90.0,458.0,90.0
687,2025-11-18 00:00:00+00:00,SON,372.55,119.0,491.0,119.0
688,2025-11-19 00:00:00+00:00,SON,372.6166666666667,129.0,500.0,100.0
689,2025-11-20 00:00:00+00:00,SON,386.9666666666667,118.0,500.0,100.0
690,2025-11-21 00:00:00+00:00,SON,385.0666666666666,126.0,480.0,94.0
691,2025-11-22 00:00:00+00:00,SON,340.325,85.0,432.0,55.0
692,2025-11-23 00:00:00+00:00,SON,313.5583333333334,60.0,387.0,60.0
693,2025-11-24 00:00:00+00:00,SON,357.20000000000005,96.0,429.0,96.0
694,2025-11-25 00:00:00+00:00,SON,361.42499999999995,124.0,465.0,85.0
695,2025-11-26 00:00:00+00:00,SON,347.8666666666667,78.0,404.0,59.0
696,2025-11-27 00:00:00+00:00,SON,312.55,64.0,408.0,50.0
697,2025-11-28 00:00:00+00:00,SON,325.2916666666667,57.0,431.0,52.0
698,2025-11-29 00:00:00+00:00,SON,326.625,58.0,441.0,53.0
699,2025-11-30 00:00:00+00:00,SON,330.225,57.0,438.0,55.0
700,2025-12-01 00:00:00+00:00,DJF,343.91666666666663,58.0,501.0,55.0
701,2025-12-02 00:00:00+00:00,DJF,375.3416666666667,78.0,521.0,51.0
702,2025-12-03 00:00:00+00:00,DJF,378.02500000000003,55.0,495.0,50.0
703,2025-12-04 00:00:00+00:00,DJF,372.2916666666667,64.0,527.0,64.0
704,2025-12-05 00:00:00+00:00,DJF,386.35833333333335,97.0,529.0,83.0
705,2025-12-06 00:00:00+00:00,DJF,333.53333333333336,79.0,520.0,56.0
706,2025-12-07 00:00:00+00:00,DJF,339.6916666666667,58.0,500.0,58.0
707,2025-12-08 00:00:00+00:00,DJF,351.2,58.0,525.0,58.0
708,2025-12-09 00:00:00+00:00,DJF,354.01666666666665,68.0,509.0,68.0
709,2025-12-10 00:00:00+00:00,DJF,347.41666666666663,78.0,502.0,62.0
710,2025-12-11 00:00:00+00:00,DJF,370.725,64.0,516.0,64.0
711,2025-12-12 00:00:00+00:00,DJF,392.1166666666667,86.0,542.0,86.0
712,2025-12-13 00:00:00+00:00,DJF,387.7166666666667,124.0,509.0,63.0
713,2025-12-14 00:00:00+00:00,DJF,350.25,62.0,494.0,58.0
714,2025-12-15 00:00:00+00:00,DJF,363.6,67.0,528.0,58.0
715,2025-12-16 00:00:00+00:00,DJF,384.2916666666667,70.0,495.0,63.0
716,2025-12-17 00:00:00+00:00,DJF,364.3916666666667,63.0,474.0,61.0
717,2025-12-18 00:00:00+00:00,DJF,316.6416666666667,65.0,426.0,51.0
718,2025-12-19 00:00:00+00:00,DJF,334.9333333333334,57.0,426.0,56.0
719,2025-12-20 00:00:00+00:00,DJF,359.6166666666667,62.0,422.0,59.0
720,2025-12-21 00:00:00+00:00,DJF,336.48333333333335,68.0,458.0,64.0
721,2025-12-22 00:00:00+00:00,DJF,356.1166666666667,71.0,474.0,71.0
722,2025-12-23 00:00:00+00:00,DJF,340.55,93.0,453.0,69.0
723,2025-12-24 00:00:00+00:00,DJF,311.98333333333335,70.0,404.0,60.0
724,2025-12-25 00:00:00+00:00,DJF,315.0666666666667,61.0,398.0,57.0
725,2025-12-26 00:00:00+00:00,DJF,346.68333333333334,61.0,420.0,59.0
726,2025-12-27 00:00:00+00:00,DJF,352.5166666666667,65.0,454.0,56.0
727,2025-12-28 00:00:00+00:00,DJF,347.375,60.0,440.0,59.0
728,2025-12-29 00:00:00+00:00,DJF,354.5916666666667,59.0,432.0,58.0
729,2025-12-30 00:00:00+00:00,DJF,355.65,65.0,502.0,63.0
730,2025-12-31 00:00:00+00:00,DJF,370.70833333333337,100.0,504.0,100.0
